path_id,sequence,edge_id,relation,source_node,terminal_node,water_right_number
p_2036,1,e_4206,physical_pathline,n_9154,n_16817,25-6146
p_2036,2,e_9878,physical_pathline,n_9154,n_16817,25-6146
p_2036,3,e_3741,physical_pathline,n_9154,n_16817,25-6146
p_2036,4,e_9871,physical_pathline,n_9154,n_16817,25-6146
p_2036,5,e_9861,physical_pathline,n_9154,n_16817,25-6146
p_2036,6,c_9366_16817,derived_terminal_connector,n_9154,n_16817,25-6146
p_2037,1,e_4206,physical_pathline,n_9154,n_16817,25-6147
p_2037,2,e_9878,physical_pathline,n_9154,n_16817,25-6147
p_2037,3,e_3741,physical_pathline,n_9154,n_16817,25-6147
p_2037,4,e_9871,physical_pathline,n_9154,n_16817,25-6147
p_2037,5,e_9861,physical_pathline,n_9154,n_16817,25-6147
p_2037,6,c_9366_16817,derived_terminal_connector,n_9154,n_16817,25-6147
p_2038,1,e_4206,physical_pathline,n_9154,n_16817,25-6148
p_2038,2,e_9878,physical_pathline,n_9154,n_16817,25-6148
p_2038,3,e_3741,physical_pathline,n_9154,n_16817,25-6148
p_2038,4,e_9871,physical_pathline,n_9154,n_16817,25-6148
p_2038,5,e_9861,physical_pathline,n_9154,n_16817,25-6148
p_2038,6,c_9366_16817,derived_terminal_connector,n_9154,n_16817,25-6148
p_2039,1,e_4206,physical_pathline,n_9154,n_16817,25-3055
p_2039,2,e_9878,physical_pathline,n_9154,n_16817,25-3055
p_2039,3,e_3741,physical_pathline,n_9154,n_16817,25-3055
p_2039,4,e_9871,physical_pathline,n_9154,n_16817,25-3055
p_2039,5,e_9861,physical_pathline,n_9154,n_16817,25-3055
p_2039,6,c_9366_16817,derived_terminal_connector,n_9154,n_16817,25-3055
p_2045,1,e_4206,physical_pathline,n_9154,n_16817,25-6145
p_2045,2,e_9878,physical_pathline,n_9154,n_16817,25-6145
p_2045,3,e_3741,physical_pathline,n_9154,n_16817,25-6145
p_2045,4,e_9871,physical_pathline,n_9154,n_16817,25-6145
p_2045,5,e_9861,physical_pathline,n_9154,n_16817,25-6145
p_2045,6,c_9366_16817,derived_terminal_connector,n_9154,n_16817,25-6145
p_2049,1,e_8940,physical_pathline,n_10450,n_16827,25-5137
p_2049,2,c_13134_16827,derived_terminal_connector,n_10450,n_16827,25-5137
p_2050,1,e_8940,physical_pathline,n_10450,n_16827,25-5138
p_2050,2,c_13134_16827,derived_terminal_connector,n_10450,n_16827,25-5138
p_2051,1,e_8940,physical_pathline,n_10450,n_16827,25-5139
p_2051,2,c_13134_16827,derived_terminal_connector,n_10450,n_16827,25-5139
p_2052,1,e_8940,physical_pathline,n_10450,n_16827,25-5140
p_2052,2,c_13134_16827,derived_terminal_connector,n_10450,n_16827,25-5140
p_2083,1,e_5837,physical_pathline,n_10422,n_16823,25-5938
p_2083,2,e_15124,physical_pathline,n_10422,n_16823,25-5938
p_2083,3,e_8835,physical_pathline,n_10422,n_16823,25-5938
p_2083,4,c_17671_22238,derived_gap_connector,n_10422,n_16823,25-5938
p_2083,5,e_17671,physical_pathline,n_10422,n_16823,25-5938
p_2083,6,c_22229_17668,derived_gap_connector,n_10422,n_16823,25-5938
p_2083,7,e_13401,physical_pathline,n_10422,n_16823,25-5938
p_2083,8,e_11232,physical_pathline,n_10422,n_16823,25-5938
p_2083,9,e_11234,physical_pathline,n_10422,n_16823,25-5938
p_2083,10,e_9123,physical_pathline,n_10422,n_16823,25-5938
p_2083,11,e_11275,physical_pathline,n_10422,n_16823,25-5938
p_2083,12,e_11237,physical_pathline,n_10422,n_16823,25-5938
p_2083,13,e_15125,physical_pathline,n_10422,n_16823,25-5938
p_2083,14,e_15126,physical_pathline,n_10422,n_16823,25-5938
p_2083,15,e_9889,physical_pathline,n_10422,n_16823,25-5938
p_2083,16,e_8789,physical_pathline,n_10422,n_16823,25-5938
p_2083,17,e_9888,physical_pathline,n_10422,n_16823,25-5938
p_2083,18,e_9887,physical_pathline,n_10422,n_16823,25-5938
p_2083,19,c_10439_6980,derived_gap_connector,n_10422,n_16823,25-5938
p_2083,20,e_11277,physical_pathline,n_10422,n_16823,25-5938
p_2083,21,e_8851,physical_pathline,n_10422,n_16823,25-5938
p_2083,22,c_13027_16823,derived_terminal_connector,n_10422,n_16823,25-5938
p_2084,1,e_5837,physical_pathline,n_10422,n_16824,25-5141
p_2084,2,e_15124,physical_pathline,n_10422,n_16824,25-5141
p_2084,3,e_8835,physical_pathline,n_10422,n_16824,25-5141
p_2084,4,c_17671_22238,derived_gap_connector,n_10422,n_16824,25-5141
p_2084,5,e_17671,physical_pathline,n_10422,n_16824,25-5141
p_2084,6,c_22229_17668,derived_gap_connector,n_10422,n_16824,25-5141
p_2084,7,e_13401,physical_pathline,n_10422,n_16824,25-5141
p_2084,8,e_11232,physical_pathline,n_10422,n_16824,25-5141
p_2084,9,e_11234,physical_pathline,n_10422,n_16824,25-5141
p_2084,10,e_9123,physical_pathline,n_10422,n_16824,25-5141
p_2084,11,e_11275,physical_pathline,n_10422,n_16824,25-5141
p_2084,12,e_11237,physical_pathline,n_10422,n_16824,25-5141
p_2084,13,e_15125,physical_pathline,n_10422,n_16824,25-5141
p_2084,14,e_15126,physical_pathline,n_10422,n_16824,25-5141
p_2084,15,e_8842,physical_pathline,n_10422,n_16824,25-5141
p_2084,16,c_13020_16824,derived_terminal_connector,n_10422,n_16824,25-5141
p_2085,1,e_5837,physical_pathline,n_10422,n_16824,25-5142
p_2085,2,e_15124,physical_pathline,n_10422,n_16824,25-5142
p_2085,3,e_8835,physical_pathline,n_10422,n_16824,25-5142
p_2085,4,c_17671_22238,derived_gap_connector,n_10422,n_16824,25-5142
p_2085,5,e_17671,physical_pathline,n_10422,n_16824,25-5142
p_2085,6,c_22229_17668,derived_gap_connector,n_10422,n_16824,25-5142
p_2085,7,e_13401,physical_pathline,n_10422,n_16824,25-5142
p_2085,8,e_11232,physical_pathline,n_10422,n_16824,25-5142
p_2085,9,e_11234,physical_pathline,n_10422,n_16824,25-5142
p_2085,10,e_9123,physical_pathline,n_10422,n_16824,25-5142
p_2085,11,e_11275,physical_pathline,n_10422,n_16824,25-5142
p_2085,12,e_11237,physical_pathline,n_10422,n_16824,25-5142
p_2085,13,e_15125,physical_pathline,n_10422,n_16824,25-5142
p_2085,14,e_15126,physical_pathline,n_10422,n_16824,25-5142
p_2085,15,e_8842,physical_pathline,n_10422,n_16824,25-5142
p_2085,16,c_13020_16824,derived_terminal_connector,n_10422,n_16824,25-5142
p_4112,1,e_8839,physical_pathline,n_9548,n_16800,25-1537
p_4112,2,e_9967,physical_pathline,n_9548,n_16800,25-1537
p_4112,3,e_9966,physical_pathline,n_9548,n_16800,25-1537
p_4112,4,e_8956,physical_pathline,n_9548,n_16800,25-1537
p_4112,5,e_9968,physical_pathline,n_9548,n_16800,25-1537
p_4112,6,e_9969,physical_pathline,n_9548,n_16800,25-1537
p_4112,7,e_8949,physical_pathline,n_9548,n_16800,25-1537
p_4112,8,c_13148_16800,derived_terminal_connector,n_9548,n_16800,25-1537
p_4113,1,e_8839,physical_pathline,n_9548,n_16800,25-1539
p_4113,2,e_9967,physical_pathline,n_9548,n_16800,25-1539
p_4113,3,e_9966,physical_pathline,n_9548,n_16800,25-1539
p_4113,4,e_8956,physical_pathline,n_9548,n_16800,25-1539
p_4113,5,e_9968,physical_pathline,n_9548,n_16800,25-1539
p_4113,6,e_9969,physical_pathline,n_9548,n_16800,25-1539
p_4113,7,e_8949,physical_pathline,n_9548,n_16800,25-1539
p_4113,8,c_13148_16800,derived_terminal_connector,n_9548,n_16800,25-1539
p_4114,1,e_8839,physical_pathline,n_9548,n_16800,25-1538
p_4114,2,e_9967,physical_pathline,n_9548,n_16800,25-1538
p_4114,3,e_9966,physical_pathline,n_9548,n_16800,25-1538
p_4114,4,e_8956,physical_pathline,n_9548,n_16800,25-1538
p_4114,5,e_9968,physical_pathline,n_9548,n_16800,25-1538
p_4114,6,e_9969,physical_pathline,n_9548,n_16800,25-1538
p_4114,7,e_8949,physical_pathline,n_9548,n_16800,25-1538
p_4114,8,c_13148_16800,derived_terminal_connector,n_9548,n_16800,25-1538
p_4115,1,e_11819,physical_pathline,n_15957,n_16801,25-1719
p_4115,2,c_15958_8102,derived_gap_connector,n_15957,n_16801,25-1719
p_4115,3,e_3554,physical_pathline,n_15957,n_16801,25-1719
p_4115,4,e_5868,physical_pathline,n_15957,n_16801,25-1719
p_4115,5,c_10438_16801,derived_terminal_connector,n_15957,n_16801,25-1719
p_4116,1,e_11819,physical_pathline,n_15957,n_16801,25-1720
p_4116,2,c_15958_8102,derived_gap_connector,n_15957,n_16801,25-1720
p_4116,3,e_3554,physical_pathline,n_15957,n_16801,25-1720
p_4116,4,e_5868,physical_pathline,n_15957,n_16801,25-1720
p_4116,5,c_10438_16801,derived_terminal_connector,n_15957,n_16801,25-1720
p_4117,1,e_11819,physical_pathline,n_15957,n_16801,25-1721
p_4117,2,c_15958_8102,derived_gap_connector,n_15957,n_16801,25-1721
p_4117,3,e_3554,physical_pathline,n_15957,n_16801,25-1721
p_4117,4,e_5868,physical_pathline,n_15957,n_16801,25-1721
p_4117,5,c_10438_16801,derived_terminal_connector,n_15957,n_16801,25-1721
p_4118,1,e_11819,physical_pathline,n_15957,n_16801,25-1722
p_4118,2,c_15958_8102,derived_gap_connector,n_15957,n_16801,25-1722
p_4118,3,e_3554,physical_pathline,n_15957,n_16801,25-1722
p_4118,4,e_5868,physical_pathline,n_15957,n_16801,25-1722
p_4118,5,c_10438_16801,derived_terminal_connector,n_15957,n_16801,25-1722
p_4119,1,e_11819,physical_pathline,n_15957,n_16801,25-1723
p_4119,2,c_15958_8102,derived_gap_connector,n_15957,n_16801,25-1723
p_4119,3,e_3554,physical_pathline,n_15957,n_16801,25-1723
p_4119,4,e_5868,physical_pathline,n_15957,n_16801,25-1723
p_4119,5,c_10438_16801,derived_terminal_connector,n_15957,n_16801,25-1723
p_4120,1,e_10136,physical_pathline,n_10434,n_16802,25-1551
p_4120,2,e_15158,physical_pathline,n_10434,n_16802,25-1551
p_4120,3,c_14065_16802,derived_terminal_connector,n_10434,n_16802,25-1551
p_4121,1,e_10136,physical_pathline,n_10434,n_16802,25-1552
p_4121,2,e_15158,physical_pathline,n_10434,n_16802,25-1552
p_4121,3,c_14065_16802,derived_terminal_connector,n_10434,n_16802,25-1552
p_4122,1,e_10136,physical_pathline,n_10434,n_16802,25-1553
p_4122,2,e_15158,physical_pathline,n_10434,n_16802,25-1553
p_4122,3,c_14065_16802,derived_terminal_connector,n_10434,n_16802,25-1553
p_4123,1,e_10136,physical_pathline,n_10434,n_16802,25-1554
p_4123,2,e_15158,physical_pathline,n_10434,n_16802,25-1554
p_4123,3,c_14065_16802,derived_terminal_connector,n_10434,n_16802,25-1554
p_4124,1,e_11213,physical_pathline,n_15286,n_16803,
p_4124,2,e_5855,physical_pathline,n_15286,n_16803,
p_4124,3,e_3577,physical_pathline,n_15286,n_16803,
p_4124,4,e_8814,physical_pathline,n_15286,n_16803,
p_4124,5,e_13081,physical_pathline,n_15286,n_16803,
p_4124,6,c_12988_16803,derived_terminal_connector,n_15286,n_16803,
p_4125,1,e_11213,physical_pathline,n_15286,n_16802,
p_4125,2,e_5855,physical_pathline,n_15286,n_16802,
p_4125,3,e_5854,physical_pathline,n_15286,n_16802,
p_4125,4,e_13448,physical_pathline,n_15286,n_16802,
p_4125,5,e_10136,physical_pathline,n_15286,n_16802,
p_4125,6,e_15158,physical_pathline,n_15286,n_16802,
p_4125,7,c_14065_16802,derived_terminal_connector,n_15286,n_16802,
p_4126,1,e_11195,physical_pathline,n_15269,n_16800,
p_4126,2,e_8839,physical_pathline,n_15269,n_16800,
p_4126,3,e_9967,physical_pathline,n_15269,n_16800,
p_4126,4,e_9966,physical_pathline,n_15269,n_16800,
p_4126,5,e_8956,physical_pathline,n_15269,n_16800,
p_4126,6,e_9968,physical_pathline,n_15269,n_16800,
p_4126,7,e_9969,physical_pathline,n_15269,n_16800,
p_4126,8,e_8949,physical_pathline,n_15269,n_16800,
p_4126,9,c_13148_16800,derived_terminal_connector,n_15269,n_16800,
p_4127,1,e_11195,physical_pathline,n_15269,n_16801,
p_4127,2,e_8912,physical_pathline,n_15269,n_16801,
p_4127,3,c_13099_16801,derived_terminal_connector,n_15269,n_16801,
p_4128,1,e_4489,physical_pathline,n_6925,n_16804,ID 13-974
p_4128,2,e_9856,physical_pathline,n_6925,n_16804,ID 13-974
p_4128,3,e_10023,physical_pathline,n_6925,n_16804,ID 13-974
p_4128,4,e_9834,physical_pathline,n_6925,n_16804,ID 13-974
p_4128,5,c_13922_16804,derived_terminal_connector,n_6925,n_16804,ID 13-974
p_4136,1,e_9987,physical_pathline,n_10424,n_16816,25-3514
p_4136,2,e_9988,physical_pathline,n_10424,n_16816,25-3514
p_4136,3,e_9985,physical_pathline,n_10424,n_16816,25-3514
p_4136,4,e_9121,physical_pathline,n_10424,n_16816,25-3514
p_4136,5,c_13384_16816,derived_terminal_connector,n_10424,n_16816,25-3514
p_4137,1,e_9987,physical_pathline,n_10424,n_16816,25-4148
p_4137,2,e_9988,physical_pathline,n_10424,n_16816,25-4148
p_4137,3,e_9985,physical_pathline,n_10424,n_16816,25-4148
p_4137,4,e_9121,physical_pathline,n_10424,n_16816,25-4148
p_4137,5,c_13384_16816,derived_terminal_connector,n_10424,n_16816,25-4148
